timestamp_utc;pid;parent_pid;working_set_bytes;private_bytes;cpu_seconds
2026-10-06T09:45:19.7995163Z;109756;67492;6254592;1744896;0.1875
2026-10-06T09:45:20.7972585Z;109756;67492;595009536;1638379520;1.15625
2026-10-06T09:45:21.7603881Z;109756;67492;1913389056;2583805952;2.765625
2026-10-06T09:45:22.7386212Z;109756;67492;2054402048;2583805952;6.671875
2026-10-06T09:45:23.7668143Z;109756;67492;2054402048;2583805952;10.734375
2026-10-06T09:45:24.7382584Z;109756;67492;2054402048;2583805952;14.65625
2026-10-06T09:45:25.6818560Z;109756;67492;2054402048;2583805952;18.421875
2026-10-06T09:45:26.6769331Z;109756;67492;2054402048;2583805952;22.421875
2026-10-06T09:45:27.6110386Z;109756;67492;2054402048;2583805952;26.09375
2026-10-06T09:45:28.5721754Z;109756;67492;2054402048;2583805952;29.953125
2026-10-06T09:45:29.5741781Z;109756;67492;2054402048;2583805952;33.921875
2026-10-06T09:45:30.5280567Z;109756;67492;2054402048;2583805952;37.734375
2026-10-06T09:45:31.4798540Z;109756;67492;2054402048;2583805952;41.546875
2026-10-06T09:45:32.4451014Z;109756;67492;2054402048;2583805952;45.375
2026-10-06T09:45:33.3919207Z;109756;67492;2054402048;2583805952;49.09375
2026-10-06T09:45:34.3704947Z;109756;67492;2054402048;2583805952;52.96875
2026-10-06T09:45:35.3333911Z;109756;67492;2062733312;2583805952;56.828125
2026-10-06T09:45:36.2897193Z;109756;67492;2062733312;2583805952;60.640625
2026-10-06T09:45:37.2580084Z;109756;67492;2062733312;2583805952;64.484375
2026-10-06T09:45:38.2170240Z;109756;67492;2062733312;2583805952;68.28125
2026-10-06T09:45:39.1626507Z;109756;67492;2062733312;2583805952;72.078125
2026-10-06T09:45:40.1358086Z;109756;67492;2062733312;2583805952;75.9375
2026-10-06T09:45:41.1158387Z;109756;67492;2062733312;2583805952;79.859375
2026-10-06T09:45:42.0919144Z;109756;67492;2062733312;2583805952;83.6875
2026-10-06T09:45:43.0524063Z;109756;67492;2062733312;2583805952;87.546875
2026-10-06T09:45:43.9967620Z;109756;67492;2062733312;2583805952;91.234375
2026-10-06T09:45:44.9616172Z;109756;67492;2062733312;2583805952;95.109375
2026-10-06T09:45:46.0107588Z;109756;67492;2062733312;2583805952;99.296875
2026-10-06T09:45:47.0186149Z;109756;67492;2062733312;2583805952;103.3125
2026-10-06T09:45:47.9811066Z;109756;67492;2062733312;2583805952;107.171875
2026-10-06T09:45:48.9330960Z;109756;67492;1938784256;2583601152;110.84375
2026-10-06T09:45:49.8714906Z;109756;67492;2054828032;2583511040;114.59375
2026-10-06T09:45:50.8563930Z;109756;67492;2054828032;2583511040;118.515625
2026-10-06T09:45:51.7738132Z;109756;67492;2054828032;2583511040;122.203125
2026-10-06T09:45:52.7346152Z;109756;67492;2054828032;2583511040;126
2026-10-06T09:45:53.7470669Z;109756;67492;2054828032;2583511040;130.046875
2026-10-06T09:45:54.7226702Z;109756;67492;2054828032;2583511040;133.921875
2026-10-06T09:45:55.6680874Z;109756;67492;2054828032;2583511040;137.734375
2026-10-06T09:45:56.6287991Z;109756;67492;2054828032;2583511040;141.546875
2026-10-06T09:45:57.5766597Z;109756;67492;2054828032;2583511040;145.328125
2026-10-06T09:45:58.5270594Z;109756;67492;2054828032;2583511040;149.140625
2026-10-06T09:45:59.5138374Z;109756;67492;2054828032;2583511040;153.0625
2026-10-06T09:46:00.4868757Z;109756;67492;2054828032;2583511040;156.9375
2026-10-06T09:46:01.4338050Z;109756;67492;2054828032;2583511040;160.75
2026-10-06T09:46:02.4584883Z;109756;67492;2063187968;2583511040;164.796875
2026-10-06T09:46:03.4161696Z;109756;67492;2063187968;2583511040;168.625
2026-10-06T09:46:04.3917031Z;109756;67492;2063187968;2583511040;172.5
2026-10-06T09:46:05.4472216Z;109756;67492;2063187968;2583511040;176.75
2026-10-06T09:46:06.3970130Z;109756;67492;2063187968;2583511040;180.46875
2026-10-06T09:46:07.3597293Z;109756;67492;2063187968;2583511040;184.328125
2026-10-06T09:46:08.3236479Z;109756;67492;2063187968;2583511040;188.203125
2026-10-06T09:46:09.2489009Z;109756;67492;2063187968;2583511040;191.875
2026-10-06T09:46:10.2320782Z;109756;67492;2063187968;2583511040;195.8125
2026-10-06T09:46:11.1852002Z;109756;67492;2063187968;2583511040;199.609375
2026-10-06T09:46:12.1571317Z;109756;67492;2063187968;2583511040;203.46875
2026-10-06T09:46:13.1489555Z;109756;67492;2063187968;2583511040;207.453125
2026-10-06T09:46:14.1105006Z;109756;67492;2063187968;2583511040;211.25
2026-10-06T09:46:15.0812337Z;109756;67492;2063187968;2583511040;215.109375
2026-10-06T09:46:16.0539397Z;109756;67492;2054377472;2583425024;218.9375
2026-10-06T09:46:17.0521573Z;109756;67492;2054377472;2583425024;222.875
2026-10-06T09:46:18.0101853Z;109756;67492;2054377472;2583425024;226.734375
2026-10-06T09:46:19.0483034Z;109756;67492;2054377472;2583425024;230.84375
2026-10-06T09:46:20.0159747Z;109756;67492;2054377472;2583425024;234.703125
2026-10-06T09:46:20.9766143Z;109756;67492;2054377472;2583425024;238.5625
2026-10-06T09:46:22.0373987Z;109756;67492;2054377472;2583425024;242.796875
2026-10-06T09:46:23.0343032Z;109756;67492;2054377472;2583425024;246.65625
2026-10-06T09:46:24.0124531Z;109756;67492;2054377472;2583425024;250.578125
2026-10-06T09:46:24.9808413Z;109756;67492;2054377472;2583425024;254.40625
2026-10-06T09:46:25.9364448Z;109756;67492;2054377472;2583425024;258.203125
2026-10-06T09:46:26.8985069Z;109756;67492;2054377472;2583425024;262.078125
